{"source": "mdvp_model", "prediction": 1, "probability": 0.9566666666666667, "features": {"MDVP:Fo(Hz)": 148.79, "MDVP:Fhi(Hz)": 175.829, "MDVP:Flo(Hz)": 104.315, "MDVP:Jitter(%)": 0.00494, "MDVP:Jitter(Abs)": 3e-05, "MDVP:RAP": 0.0025, "MDVP:PPQ": 0.00269, "Jitter:DDP": 0.00749, "MDVP:Shimmer": 0.02297, "MDVP:Shimmer(dB)": 0.221, "Shimmer:APQ3": 0.01279, "Shimmer:APQ5": 0.01347, "MDVP:APQ": 0.01826, "Shimmer:DDA": 0.03836, "NHR": 0.01166, "HNR": 22.085, "RPDE": 0.495954, "DFA": 0.722254, "spread1": -5.720868, "spread2": 0.218885, "D2": 2.361532, "PPE": 0.194052}, "meta": {"extraction_time_s": 0.121734619140625}}